;lambda=0.0 epsilon=0.25;lambda=0.0 epsilon=0.5;lambda=0.0 epsilon=0.75;lambda=0.0 epsilon=1.0;lambda=0.25 epsilon=0.25;lambda=0.25 epsilon=0.5;lambda=0.25 epsilon=0.75;lambda=0.25 epsilon=1.0;lambda=0.5 epsilon=0.25;lambda=0.5 epsilon=0.5;lambda=0.5 epsilon=0.75;lambda=0.5 epsilon=1.0;lambda=0.75 epsilon=0.25;lambda=0.75 epsilon=0.5;lambda=0.75 epsilon=0.75;lambda=0.75 epsilon=1.0;lambda=1.0 epsilon=0.25;lambda=1.0 epsilon=0.5;lambda=1.0 epsilon=0.75;lambda=1.0 epsilon=1.0;
hclust_height_0.25_single;1.0;1.0;1.0;1.0;1.0;1.0;1.0;1.0;1.0;1.0;1.0;1.0;1.0;1.0;1.0;1.0;0.8571428571428571;0.8571428571428571;0.8571428571428571;0.8571428571428571;
hclust_height_0.25_average;1.0;1.0;1.0;1.0;1.0;1.0;1.0;1.0;1.0;1.0;1.0;1.0;1.0;1.0;1.0;1.0;0.8571428571428571;0.8571428571428571;0.8571428571428571;0.8571428571428571;
hclust_height_0.25_complete;1.0;1.0;1.0;1.0;1.0;1.0;1.0;1.0;1.0;1.0;1.0;1.0;1.0;1.0;1.0;1.0;0.8571428571428571;0.8571428571428571;0.8571428571428571;0.8571428571428571;
hclust_height_0.5_single;1.0;1.0;1.0;1.0;1.0;1.0;1.0;1.0;1.0;1.0;1.0;1.0;0.8571428571428571;0.8571428571428571;0.8571428571428571;0.8571428571428571;0.42857142857142855;0.42857142857142855;0.42857142857142855;0.42857142857142855;
hclust_height_0.5_average;1.0;1.0;1.0;1.0;1.0;1.0;1.0;1.0;1.0;1.0;1.0;1.0;0.8571428571428571;0.8571428571428571;0.8571428571428571;0.8571428571428571;0.8571428571428571;0.8571428571428571;0.8571428571428571;0.8571428571428571;
hclust_height_0.5_complete;1.0;1.0;1.0;1.0;1.0;1.0;1.0;1.0;1.0;1.0;1.0;1.0;1.0;1.0;1.0;1.0;0.8571428571428571;0.8571428571428571;0.8571428571428571;0.8571428571428571;
hclust_height_0.75_single;1.0;1.0;1.0;1.0;1.0;1.0;1.0;1.0;0.42857142857142855;0.42857142857142855;0.42857142857142855;0.42857142857142855;0.42857142857142855;0.42857142857142855;0.42857142857142855;0.42857142857142855;0.42857142857142855;0.42857142857142855;0.42857142857142855;0.42857142857142855;
hclust_height_0.75_average;1.0;1.0;1.0;1.0;1.0;1.0;1.0;1.0;0.8571428571428571;0.8571428571428571;0.8571428571428571;0.8571428571428571;0.42857142857142855;0.42857142857142855;0.42857142857142855;0.42857142857142855;0.42857142857142855;0.42857142857142855;0.42857142857142855;0.42857142857142855;
hclust_height_0.75_complete;1.0;1.0;1.0;1.0;1.0;1.0;1.0;1.0;0.8571428571428571;0.8571428571428571;0.8571428571428571;0.8571428571428571;0.7142857142857143;0.7142857142857143;0.7142857142857143;0.7142857142857143;0.42857142857142855;0.42857142857142855;0.42857142857142855;0.42857142857142855;
